scenario,mode,category,test_name,cluster_size,repetition,size_bytes,time_ms
tpcc_sf_10,strong,arrangement_formation,create_index,100cc,0,7400783934,183450
tpcc_sf_10,strong,peek_serving,peek_index_key_fast_path,100cc,0,7400789951,108
tpcc_sf_10,strong,peek_serving,peek_index_key_fast_path,100cc,1,7400794025,107
tpcc_sf_10,strong,peek_serving,peek_index_key_fast_path,100cc,2,7400797309,107
tpcc_sf_10,strong,peek_serving,peek_index_key_fast_path,100cc,3,7400799776,107
tpcc_sf_10,strong,peek_serving,peek_index_key_fast_path,100cc,4,7400801290,107
tpcc_sf_10,strong,peek_serving,peek_index_key_fast_path,100cc,5,7400804103,108
tpcc_sf_10,strong,peek_serving,peek_index_key_fast_path,100cc,6,7400806489,108
tpcc_sf_10,strong,peek_serving,peek_index_key_fast_path,100cc,7,7400809826,107
tpcc_sf_10,strong,peek_serving,peek_index_key_fast_path,100cc,8,7400812726,411
tpcc_sf_10,strong,peek_serving,peek_index_key_fast_path,100cc,9,7400813120,412
tpcc_sf_10,strong,peek_serving,peek_index_non_key_fast_path,100cc,0,7400839156,20652
tpcc_sf_10,strong,arrangement_formation,index_restart,100cc,0,7398388394,190005
tpcc_sf_10,strong,arrangement_formation,create_index,200cc,0,7398783098,96806
tpcc_sf_10,strong,peek_serving,peek_index_key_fast_path,200cc,0,7398788637,108
tpcc_sf_10,strong,peek_serving,peek_index_key_fast_path,200cc,1,7398792754,213
tpcc_sf_10,strong,peek_serving,peek_index_key_fast_path,200cc,2,7398794827,108
tpcc_sf_10,strong,peek_serving,peek_index_key_fast_path,200cc,3,7398797532,108
tpcc_sf_10,strong,peek_serving,peek_index_key_fast_path,200cc,4,7398798838,108
tpcc_sf_10,strong,peek_serving,peek_index_key_fast_path,200cc,5,7398802300,109
tpcc_sf_10,strong,peek_serving,peek_index_key_fast_path,200cc,6,7398804878,108
tpcc_sf_10,strong,peek_serving,peek_index_key_fast_path,200cc,7,7398808627,107
tpcc_sf_10,strong,peek_serving,peek_index_key_fast_path,200cc,8,7398813804,107
tpcc_sf_10,strong,peek_serving,peek_index_key_fast_path,200cc,9,7398816129,109
tpcc_sf_10,strong,peek_serving,peek_index_non_key_fast_path,200cc,0,7398827103,10132
tpcc_sf_10,strong,arrangement_formation,index_restart,200cc,0,7399651661,106254
tpcc_sf_10,strong,arrangement_formation,create_index,400cc,0,7393657046,57015
tpcc_sf_10,strong,peek_serving,peek_index_key_fast_path,400cc,0,7393663621,113
tpcc_sf_10,strong,peek_serving,peek_index_key_fast_path,400cc,1,7393667038,116
tpcc_sf_10,strong,peek_serving,peek_index_key_fast_path,400cc,2,7393670261,107
tpcc_sf_10,strong,peek_serving,peek_index_key_fast_path,400cc,3,7393676021,1082
tpcc_sf_10,strong,peek_serving,peek_index_key_fast_path,400cc,4,7393679199,1083
tpcc_sf_10,strong,peek_serving,peek_index_key_fast_path,400cc,5,7393683715,1082
tpcc_sf_10,strong,peek_serving,peek_index_key_fast_path,400cc,6,7393687897,113
tpcc_sf_10,strong,peek_serving,peek_index_key_fast_path,400cc,7,7393691504,107
tpcc_sf_10,strong,peek_serving,peek_index_key_fast_path,400cc,8,7393692248,108
tpcc_sf_10,strong,peek_serving,peek_index_key_fast_path,400cc,9,7393697317,107
tpcc_sf_10,strong,peek_serving,peek_index_non_key_fast_path,400cc,0,7393706290,5192
tpcc_sf_10,strong,arrangement_formation,index_restart,400cc,0,7391763580,54011
tpcc_sf_10,strong,arrangement_formation,create_index,800cc,0,7314698518,28397
tpcc_sf_10,strong,peek_serving,peek_index_key_fast_path,800cc,0,7314705985,108
tpcc_sf_10,strong,peek_serving,peek_index_key_fast_path,800cc,1,7314711123,107
tpcc_sf_10,strong,peek_serving,peek_index_key_fast_path,800cc,2,7314714381,107
tpcc_sf_10,strong,peek_serving,peek_index_key_fast_path,800cc,3,7314718377,107
tpcc_sf_10,strong,peek_serving,peek_index_key_fast_path,800cc,4,7314720787,111
tpcc_sf_10,strong,peek_serving,peek_index_key_fast_path,800cc,5,7314723744,107
tpcc_sf_10,strong,peek_serving,peek_index_key_fast_path,800cc,6,7314726639,107
tpcc_sf_10,strong,peek_serving,peek_index_key_fast_path,800cc,7,7314730649,142
tpcc_sf_10,strong,peek_serving,peek_index_key_fast_path,800cc,8,7314733380,550
tpcc_sf_10,strong,peek_serving,peek_index_key_fast_path,800cc,9,7314735879,570
tpcc_sf_10,strong,peek_serving,peek_index_non_key_fast_path,800cc,0,7314741916,2965
tpcc_sf_10,strong,arrangement_formation,index_restart,800cc,0,7323543919,35098
tpcc_sf_10,strong,arrangement_formation,create_index,1600cc,0,7203672841,22397
tpcc_sf_10,strong,peek_serving,peek_index_key_fast_path,1600cc,0,7203696375,348
tpcc_sf_10,strong,peek_serving,peek_index_key_fast_path,1600cc,1,7203699764,521
tpcc_sf_10,strong,peek_serving,peek_index_key_fast_path,1600cc,2,7203704819,511
tpcc_sf_10,strong,peek_serving,peek_index_key_fast_path,1600cc,3,7203708011,107
tpcc_sf_10,strong,peek_serving,peek_index_key_fast_path,1600cc,4,7203712857,111
tpcc_sf_10,strong,peek_serving,peek_index_key_fast_path,1600cc,5,7203715553,109
tpcc_sf_10,strong,peek_serving,peek_index_key_fast_path,1600cc,6,7203717446,109
tpcc_sf_10,strong,peek_serving,peek_index_key_fast_path,1600cc,7,7203721623,106
tpcc_sf_10,strong,peek_serving,peek_index_key_fast_path,1600cc,8,7203723290,107
tpcc_sf_10,strong,peek_serving,peek_index_key_fast_path,1600cc,9,7203726775,115
tpcc_sf_10,strong,peek_serving,peek_index_non_key_fast_path,1600cc,0,7203731521,1302
tpcc_sf_10,strong,arrangement_formation,index_restart,1600cc,0,7262581740,24210
tpcc_sf_10,strong,arrangement_formation,create_index,3200cc,0,7090174197,14780
tpcc_sf_10,strong,peek_serving,peek_index_key_fast_path,3200cc,0,7090191310,926
tpcc_sf_10,strong,peek_serving,peek_index_key_fast_path,3200cc,1,7090196176,125
tpcc_sf_10,strong,peek_serving,peek_index_key_fast_path,3200cc,2,7090203904,190
tpcc_sf_10,strong,peek_serving,peek_index_key_fast_path,3200cc,3,7090209023,107
tpcc_sf_10,strong,peek_serving,peek_index_key_fast_path,3200cc,4,7090214257,107
tpcc_sf_10,strong,peek_serving,peek_index_key_fast_path,3200cc,5,7090216247,107
tpcc_sf_10,strong,peek_serving,peek_index_key_fast_path,3200cc,6,7090226632,107
tpcc_sf_10,strong,peek_serving,peek_index_key_fast_path,3200cc,7,7090225896,106
tpcc_sf_10,strong,peek_serving,peek_index_key_fast_path,3200cc,8,7090229414,107
tpcc_sf_10,strong,peek_serving,peek_index_key_fast_path,3200cc,9,7090233979,140
tpcc_sf_10,strong,peek_serving,peek_index_non_key_fast_path,3200cc,0,7090237999,720
tpcc_sf_10,strong,arrangement_formation,index_restart,3200cc,0,7140079716,28733
tpcc_mv_sf_10,strong,materialized_view_formation,create_materialize_view,100cc,0,0,690062
tpcc_mv_sf_10,strong,peek_serving,peek_materialized_view_key_slow_path,100cc,0,0,1449
tpcc_mv_sf_10,strong,peek_serving,peek_materialized_view_key_slow_path,100cc,1,0,1202
tpcc_mv_sf_10,strong,peek_serving,peek_materialized_view_key_slow_path,100cc,2,0,1243
tpcc_mv_sf_10,strong,peek_serving,peek_materialized_view_key_slow_path,100cc,3,0,1057
tpcc_mv_sf_10,strong,peek_serving,peek_materialized_view_key_slow_path,100cc,4,0,1323
tpcc_mv_sf_10,strong,peek_serving,peek_materialized_view_key_slow_path,100cc,5,0,2476
tpcc_mv_sf_10,strong,peek_serving,peek_materialized_view_key_slow_path,100cc,6,0,1357
tpcc_mv_sf_10,strong,peek_serving,peek_materialized_view_key_slow_path,100cc,7,0,1314
tpcc_mv_sf_10,strong,peek_serving,peek_materialized_view_key_slow_path,100cc,8,0,1425
tpcc_mv_sf_10,strong,peek_serving,peek_materialized_view_key_slow_path,100cc,9,0,1941
tpcc_mv_sf_10,strong,peek_serving,peek_materialized_view_key_fast_path,100cc,0,0,1335
tpcc_mv_sf_10,strong,peek_serving,peek_materialized_view_key_fast_path,100cc,1,0,1378
tpcc_mv_sf_10,strong,peek_serving,peek_materialized_view_key_fast_path,100cc,2,0,1053
tpcc_mv_sf_10,strong,peek_serving,peek_materialized_view_key_fast_path,100cc,3,0,1117
tpcc_mv_sf_10,strong,peek_serving,peek_materialized_view_key_fast_path,100cc,4,0,1059
tpcc_mv_sf_10,strong,peek_serving,peek_materialized_view_key_fast_path,100cc,5,0,1614
tpcc_mv_sf_10,strong,peek_serving,peek_materialized_view_key_fast_path,100cc,6,0,1270
tpcc_mv_sf_10,strong,peek_serving,peek_materialized_view_key_fast_path,100cc,7,0,1426
tpcc_mv_sf_10,strong,peek_serving,peek_materialized_view_key_fast_path,100cc,8,0,1041
tpcc_mv_sf_10,strong,peek_serving,peek_materialized_view_key_fast_path,100cc,9,0,1385
tpcc_mv_sf_10,strong,peek_serving,peek_materialized_view_non_key_slow_path,100cc,0,0,1137
tpcc_mv_sf_10,strong,peek_serving,peek_materialized_view_non_key_fast_path,100cc,0,0,1258
tpcc_mv_sf_10,strong,materialized_view_formation,materialized_view_restart,100cc,0,0,391529
tpcc_mv_sf_10,strong,materialized_view_formation,create_materialize_view,200cc,0,0,311942
tpcc_mv_sf_10,strong,peek_serving,peek_materialized_view_key_slow_path,200cc,0,0,1487
tpcc_mv_sf_10,strong,peek_serving,peek_materialized_view_key_slow_path,200cc,1,0,2182
tpcc_mv_sf_10,strong,peek_serving,peek_materialized_view_key_slow_path,200cc,2,0,1502
tpcc_mv_sf_10,strong,peek_serving,peek_materialized_view_key_slow_path,200cc,3,0,1348
tpcc_mv_sf_10,strong,peek_serving,peek_materialized_view_key_slow_path,200cc,4,0,2103
tpcc_mv_sf_10,strong,peek_serving,peek_materialized_view_key_slow_path,200cc,5,0,1262
tpcc_mv_sf_10,strong,peek_serving,peek_materialized_view_key_slow_path,200cc,6,0,1248
tpcc_mv_sf_10,strong,peek_serving,peek_materialized_view_key_slow_path,200cc,7,0,1227
tpcc_mv_sf_10,strong,peek_serving,peek_materialized_view_key_slow_path,200cc,8,0,1292
tpcc_mv_sf_10,strong,peek_serving,peek_materialized_view_key_slow_path,200cc,9,0,1258
tpcc_mv_sf_10,strong,peek_serving,peek_materialized_view_key_fast_path,200cc,0,0,2099
tpcc_mv_sf_10,strong,peek_serving,peek_materialized_view_key_fast_path,200cc,1,0,1242
tpcc_mv_sf_10,strong,peek_serving,peek_materialized_view_key_fast_path,200cc,2,0,1271
tpcc_mv_sf_10,strong,peek_serving,peek_materialized_view_key_fast_path,200cc,3,0,1176
tpcc_mv_sf_10,strong,peek_serving,peek_materialized_view_key_fast_path,200cc,4,0,1233
tpcc_mv_sf_10,strong,peek_serving,peek_materialized_view_key_fast_path,200cc,5,0,1251
tpcc_mv_sf_10,strong,peek_serving,peek_materialized_view_key_fast_path,200cc,6,0,1261
tpcc_mv_sf_10,strong,peek_serving,peek_materialized_view_key_fast_path,200cc,7,0,1490
tpcc_mv_sf_10,strong,peek_serving,peek_materialized_view_key_fast_path,200cc,8,0,2181
tpcc_mv_sf_10,strong,peek_serving,peek_materialized_view_key_fast_path,200cc,9,0,1217
tpcc_mv_sf_10,strong,peek_serving,peek_materialized_view_non_key_slow_path,200cc,0,0,2137
tpcc_mv_sf_10,strong,peek_serving,peek_materialized_view_non_key_fast_path,200cc,0,0,1285
tpcc_mv_sf_10,strong,materialized_view_formation,materialized_view_restart,200cc,0,0,190285
tpcc_mv_sf_10,strong,materialized_view_formation,create_materialize_view,400cc,0,0,146459
tpcc_mv_sf_10,strong,peek_serving,peek_materialized_view_key_slow_path,400cc,0,0,1463
tpcc_mv_sf_10,strong,peek_serving,peek_materialized_view_key_slow_path,400cc,1,0,1416
tpcc_mv_sf_10,strong,peek_serving,peek_materialized_view_key_slow_path,400cc,2,0,1497
tpcc_mv_sf_10,strong,peek_serving,peek_materialized_view_key_slow_path,400cc,3,0,1094
tpcc_mv_sf_10,strong,peek_serving,peek_materialized_view_key_slow_path,400cc,4,0,1181
tpcc_mv_sf_10,strong,peek_serving,peek_materialized_view_key_slow_path,400cc,5,0,1081
tpcc_mv_sf_10,strong,peek_serving,peek_materialized_view_key_slow_path,400cc,6,0,1089
tpcc_mv_sf_10,strong,peek_serving,peek_materialized_view_key_slow_path,400cc,7,0,1238
tpcc_mv_sf_10,strong,peek_serving,peek_materialized_view_key_slow_path,400cc,8,0,1179
tpcc_mv_sf_10,strong,peek_serving,peek_materialized_view_key_slow_path,400cc,9,0,1135
tpcc_mv_sf_10,strong,peek_serving,peek_materialized_view_key_fast_path,400cc,0,0,1241
tpcc_mv_sf_10,strong,peek_serving,peek_materialized_view_key_fast_path,400cc,1,0,1036
tpcc_mv_sf_10,strong,peek_serving,peek_materialized_view_key_fast_path,400cc,2,0,1070
tpcc_mv_sf_10,strong,peek_serving,peek_materialized_view_key_fast_path,400cc,3,0,1004
tpcc_mv_sf_10,strong,peek_serving,peek_materialized_view_key_fast_path,400cc,4,0,1052
tpcc_mv_sf_10,strong,peek_serving,peek_materialized_view_key_fast_path,400cc,5,0,1226
tpcc_mv_sf_10,strong,peek_serving,peek_materialized_view_key_fast_path,400cc,6,0,1334
tpcc_mv_sf_10,strong,peek_serving,peek_materialized_view_key_fast_path,400cc,7,0,1365
tpcc_mv_sf_10,strong,peek_serving,peek_materialized_view_key_fast_path,400cc,8,0,1377
tpcc_mv_sf_10,strong,peek_serving,peek_materialized_view_key_fast_path,400cc,9,0,1053
tpcc_mv_sf_10,strong,peek_serving,peek_materialized_view_non_key_slow_path,400cc,0,0,1099
tpcc_mv_sf_10,strong,peek_serving,peek_materialized_view_non_key_fast_path,400cc,0,0,1088
tpcc_mv_sf_10,strong,materialized_view_formation,materialized_view_restart,400cc,0,0,110330
tpcc_mv_sf_10,strong,materialized_view_formation,create_materialize_view,800cc,0,0,76876
tpcc_mv_sf_10,strong,peek_serving,peek_materialized_view_key_slow_path,800cc,0,0,1213
tpcc_mv_sf_10,strong,peek_serving,peek_materialized_view_key_slow_path,800cc,1,0,1202
tpcc_mv_sf_10,strong,peek_serving,peek_materialized_view_key_slow_path,800cc,2,0,1288
tpcc_mv_sf_10,strong,peek_serving,peek_materialized_view_key_slow_path,800cc,3,0,1255
tpcc_mv_sf_10,strong,peek_serving,peek_materialized_view_key_slow_path,800cc,4,0,1241
tpcc_mv_sf_10,strong,peek_serving,peek_materialized_view_key_slow_path,800cc,5,0,1163
tpcc_mv_sf_10,strong,peek_serving,peek_materialized_view_key_slow_path,800cc,6,0,1255
tpcc_mv_sf_10,strong,peek_serving,peek_materialized_view_key_slow_path,800cc,7,0,1257
tpcc_mv_sf_10,strong,peek_serving,peek_materialized_view_key_slow_path,800cc,8,0,1224
tpcc_mv_sf_10,strong,peek_serving,peek_materialized_view_key_slow_path,800cc,9,0,1182
tpcc_mv_sf_10,strong,peek_serving,peek_materialized_view_key_fast_path,800cc,0,0,1253
tpcc_mv_sf_10,strong,peek_serving,peek_materialized_view_key_fast_path,800cc,1,0,1202
tpcc_mv_sf_10,strong,peek_serving,peek_materialized_view_key_fast_path,800cc,2,0,2053
tpcc_mv_sf_10,strong,peek_serving,peek_materialized_view_key_fast_path,800cc,3,0,2110
tpcc_mv_sf_10,strong,peek_serving,peek_materialized_view_key_fast_path,800cc,4,0,1242
tpcc_mv_sf_10,strong,peek_serving,peek_materialized_view_key_fast_path,800cc,5,0,1222
tpcc_mv_sf_10,strong,peek_serving,peek_materialized_view_key_fast_path,800cc,6,0,1239
tpcc_mv_sf_10,strong,peek_serving,peek_materialized_view_key_fast_path,800cc,7,0,1257
tpcc_mv_sf_10,strong,peek_serving,peek_materialized_view_key_fast_path,800cc,8,0,1196
tpcc_mv_sf_10,strong,peek_serving,peek_materialized_view_key_fast_path,800cc,9,0,2137
tpcc_mv_sf_10,strong,peek_serving,peek_materialized_view_non_key_slow_path,800cc,0,0,2263
tpcc_mv_sf_10,strong,peek_serving,peek_materialized_view_non_key_fast_path,800cc,0,0,1330
tpcc_mv_sf_10,strong,materialized_view_formation,materialized_view_restart,800cc,0,0,62380
tpcc_mv_sf_10,strong,materialized_view_formation,create_materialize_view,1600cc,0,0,50930
tpcc_mv_sf_10,strong,peek_serving,peek_materialized_view_key_slow_path,1600cc,0,0,1292
tpcc_mv_sf_10,strong,peek_serving,peek_materialized_view_key_slow_path,1600cc,1,0,1213
tpcc_mv_sf_10,strong,peek_serving,peek_materialized_view_key_slow_path,1600cc,2,0,1988
tpcc_mv_sf_10,strong,peek_serving,peek_materialized_view_key_slow_path,1600cc,3,0,2071
tpcc_mv_sf_10,strong,peek_serving,peek_materialized_view_key_slow_path,1600cc,4,0,1138
tpcc_mv_sf_10,strong,peek_serving,peek_materialized_view_key_slow_path,1600cc,5,0,1089
tpcc_mv_sf_10,strong,peek_serving,peek_materialized_view_key_slow_path,1600cc,6,0,1247
tpcc_mv_sf_10,strong,peek_serving,peek_materialized_view_key_slow_path,1600cc,7,0,1139
tpcc_mv_sf_10,strong,peek_serving,peek_materialized_view_key_slow_path,1600cc,8,0,1135
tpcc_mv_sf_10,strong,peek_serving,peek_materialized_view_key_slow_path,1600cc,9,0,1296
tpcc_mv_sf_10,strong,peek_serving,peek_materialized_view_key_fast_path,1600cc,0,0,2089
tpcc_mv_sf_10,strong,peek_serving,peek_materialized_view_key_fast_path,1600cc,1,0,2124
tpcc_mv_sf_10,strong,peek_serving,peek_materialized_view_key_fast_path,1600cc,2,0,1057
tpcc_mv_sf_10,strong,peek_serving,peek_materialized_view_key_fast_path,1600cc,3,0,1075
tpcc_mv_sf_10,strong,peek_serving,peek_materialized_view_key_fast_path,1600cc,4,0,1231
tpcc_mv_sf_10,strong,peek_serving,peek_materialized_view_key_fast_path,1600cc,5,0,1118
tpcc_mv_sf_10,strong,peek_serving,peek_materialized_view_key_fast_path,1600cc,6,0,1100
tpcc_mv_sf_10,strong,peek_serving,peek_materialized_view_key_fast_path,1600cc,7,0,2122
tpcc_mv_sf_10,strong,peek_serving,peek_materialized_view_key_fast_path,1600cc,8,0,2010
tpcc_mv_sf_10,strong,peek_serving,peek_materialized_view_key_fast_path,1600cc,9,0,1213
tpcc_mv_sf_10,strong,peek_serving,peek_materialized_view_non_key_slow_path,1600cc,0,0,1187
tpcc_mv_sf_10,strong,peek_serving,peek_materialized_view_non_key_fast_path,1600cc,0,0,1127
tpcc_mv_sf_10,strong,materialized_view_formation,materialized_view_restart,1600cc,0,0,42528
tpcc_mv_sf_10,strong,materialized_view_formation,create_materialize_view,3200cc,0,0,34028
tpcc_mv_sf_10,strong,peek_serving,peek_materialized_view_key_slow_path,3200cc,0,0,2081
tpcc_mv_sf_10,strong,peek_serving,peek_materialized_view_key_slow_path,3200cc,1,0,2072
tpcc_mv_sf_10,strong,peek_serving,peek_materialized_view_key_slow_path,3200cc,2,0,1100
tpcc_mv_sf_10,strong,peek_serving,peek_materialized_view_key_slow_path,3200cc,3,0,1109
tpcc_mv_sf_10,strong,peek_serving,peek_materialized_view_key_slow_path,3200cc,4,0,1097
tpcc_mv_sf_10,strong,peek_serving,peek_materialized_view_key_slow_path,3200cc,5,0,1232
tpcc_mv_sf_10,strong,peek_serving,peek_materialized_view_key_slow_path,3200cc,6,0,1169
tpcc_mv_sf_10,strong,peek_serving,peek_materialized_view_key_slow_path,3200cc,7,0,1184
tpcc_mv_sf_10,strong,peek_serving,peek_materialized_view_key_slow_path,3200cc,8,0,2127
tpcc_mv_sf_10,strong,peek_serving,peek_materialized_view_key_slow_path,3200cc,9,0,2002
tpcc_mv_sf_10,strong,peek_serving,peek_materialized_view_key_fast_path,3200cc,0,0,1253
tpcc_mv_sf_10,strong,peek_serving,peek_materialized_view_key_fast_path,3200cc,1,0,1264
tpcc_mv_sf_10,strong,peek_serving,peek_materialized_view_key_fast_path,3200cc,2,0,1265
tpcc_mv_sf_10,strong,peek_serving,peek_materialized_view_key_fast_path,3200cc,3,0,1103
tpcc_mv_sf_10,strong,peek_serving,peek_materialized_view_key_fast_path,3200cc,4,0,1153
tpcc_mv_sf_10,strong,peek_serving,peek_materialized_view_key_fast_path,3200cc,5,0,2082
tpcc_mv_sf_10,strong,peek_serving,peek_materialized_view_key_fast_path,3200cc,6,0,2139
tpcc_mv_sf_10,strong,peek_serving,peek_materialized_view_key_fast_path,3200cc,7,0,1269
tpcc_mv_sf_10,strong,peek_serving,peek_materialized_view_key_fast_path,3200cc,8,0,1140
tpcc_mv_sf_10,strong,peek_serving,peek_materialized_view_key_fast_path,3200cc,9,0,1211
tpcc_mv_sf_10,strong,peek_serving,peek_materialized_view_non_key_slow_path,3200cc,0,0,1341
tpcc_mv_sf_10,strong,peek_serving,peek_materialized_view_non_key_fast_path,3200cc,0,0,1153
tpcc_mv_sf_10,strong,materialized_view_formation,materialized_view_restart,3200cc,0,0,34572
auction_40,strong,arrangement_formation,create_index_primary_key,100cc,0,1464660863,39070
auction_40,strong,arrangement_formation,create_index_foreign_key,100cc,0,1465264530,40796
auction_40,strong,peek_serving,peek_index_key_slow_path,100cc,0,1465327823,107
auction_40,strong,peek_serving,peek_index_key_slow_path,100cc,1,1465335404,108
auction_40,strong,peek_serving,peek_index_key_slow_path,100cc,2,1465361899,107
auction_40,strong,peek_serving,peek_index_key_slow_path,100cc,3,1465402653,107
auction_40,strong,peek_serving,peek_index_key_slow_path,100cc,4,1465434513,108
auction_40,strong,peek_serving,peek_index_key_slow_path,100cc,5,1465454037,107
auction_40,strong,peek_serving,peek_index_key_slow_path,100cc,6,1465492320,107
auction_40,strong,peek_serving,peek_index_key_slow_path,100cc,7,1465519741,107
auction_40,strong,peek_serving,peek_index_key_slow_path,100cc,8,1465545572,106
auction_40,strong,peek_serving,peek_index_key_slow_path,100cc,9,1465603060,107
auction_40,strong,peek_serving,peek_index_key_fast_path,100cc,0,1465622687,106
auction_40,strong,peek_serving,peek_index_key_fast_path,100cc,1,1465657422,105
auction_40,strong,peek_serving,peek_index_key_fast_path,100cc,2,1465675721,104
auction_40,strong,peek_serving,peek_index_key_fast_path,100cc,3,1465702951,106
auction_40,strong,peek_serving,peek_index_key_fast_path,100cc,4,1465735029,104
auction_40,strong,peek_serving,peek_index_key_fast_path,100cc,5,1465770618,105
auction_40,strong,peek_serving,peek_index_key_fast_path,100cc,6,1465790077,105
auction_40,strong,peek_serving,peek_index_key_fast_path,100cc,7,1465825777,105
auction_40,strong,peek_serving,peek_index_key_fast_path,100cc,8,1465839042,105
auction_40,strong,peek_serving,peek_index_key_fast_path,100cc,9,1465874352,105
auction_40,strong,peek_serving,peek_index_non_key_slow_path,100cc,0,1466101696,8655
auction_40,strong,peek_serving,peek_index_non_key_fast_path,100cc,0,1466225770,8802
auction_40,strong,primitive_operators,bids_max,100cc,0,1466482155,20740
auction_40,strong,primitive_operators,bids_sum,100cc,0,1466828480,18888
auction_40,strong,composite_operators,bids_count_max_sum_min,100cc,0,1469103707,146544
auction_40,strong,primitive_operators,join,100cc,0,1469247621,10605
auction_40,strong,composite_operators,join_max,100cc,0,1470193614,58110
auction_40,strong,peek_serving,index_restart,100cc,0,0,270
auction_40,strong,arrangement_formation,create_index_primary_key,200cc,0,1464204382,24676
auction_40,strong,arrangement_formation,create_index_foreign_key,200cc,0,1464517948,20464
auction_40,strong,peek_serving,peek_index_key_slow_path,200cc,0,1464567400,107
auction_40,strong,peek_serving,peek_index_key_slow_path,200cc,1,1464589632,107
auction_40,strong,peek_serving,peek_index_key_slow_path,200cc,2,1464609338,107
auction_40,strong,peek_serving,peek_index_key_slow_path,200cc,3,1464634620,108
auction_40,strong,peek_serving,peek_index_key_slow_path,200cc,4,1464661380,108
auction_40,strong,peek_serving,peek_index_key_slow_path,200cc,5,1464691076,108
auction_40,strong,peek_serving,peek_index_key_slow_path,200cc,6,1464712957,107
auction_40,strong,peek_serving,peek_index_key_slow_path,200cc,7,1464743474,108
auction_40,strong,peek_serving,peek_index_key_slow_path,200cc,8,1464762614,107
auction_40,strong,peek_serving,peek_index_key_slow_path,200cc,9,1464764672,107
auction_40,strong,peek_serving,peek_index_key_fast_path,200cc,0,1464830162,106
auction_40,strong,peek_serving,peek_index_key_fast_path,200cc,1,1464857983,105
auction_40,strong,peek_serving,peek_index_key_fast_path,200cc,2,1464907129,116
auction_40,strong,peek_serving,peek_index_key_fast_path,200cc,3,1464942964,106
auction_40,strong,peek_serving,peek_index_key_fast_path,200cc,4,1464982524,106
auction_40,strong,peek_serving,peek_index_key_fast_path,200cc,5,1465009214,106
auction_40,strong,peek_serving,peek_index_key_fast_path,200cc,6,1465075033,106
auction_40,strong,peek_serving,peek_index_key_fast_path,200cc,7,1465093572,106
auction_40,strong,peek_serving,peek_index_key_fast_path,200cc,8,1465134891,106
auction_40,strong,peek_serving,peek_index_key_fast_path,200cc,9,1465166576,107
auction_40,strong,peek_serving,peek_index_non_key_slow_path,200cc,0,1465222192,4494
auction_40,strong,peek_serving,peek_index_non_key_fast_path,200cc,0,1465324864,4549
auction_40,strong,primitive_operators,bids_max,200cc,0,1465512456,10309
auction_40,strong,primitive_operators,bids_sum,200cc,0,1465665718,9555
auction_40,strong,composite_operators,bids_count_max_sum_min,200cc,0,1466844051,78954
auction_40,strong,primitive_operators,join,200cc,0,1466889571,5464
auction_40,strong,composite_operators,join_max,200cc,0,1467254530,31361
auction_40,strong,peek_serving,index_restart,200cc,0,0,274
auction_40,strong,arrangement_formation,create_index_primary_key,400cc,0,1463323357,16249
auction_40,strong,arrangement_formation,create_index_foreign_key,400cc,0,1463464754,10270
auction_40,strong,peek_serving,peek_index_key_slow_path,400cc,0,1463547061,108
auction_40,strong,peek_serving,peek_index_key_slow_path,400cc,1,1463580282,107
auction_40,strong,peek_serving,peek_index_key_slow_path,400cc,2,1463601695,108
auction_40,strong,peek_serving,peek_index_key_slow_path,400cc,3,1463647009,108
auction_40,strong,peek_serving,peek_index_key_slow_path,400cc,4,1463666134,109
auction_40,strong,peek_serving,peek_index_key_slow_path,400cc,5,1463689437,107
auction_40,strong,peek_serving,peek_index_key_slow_path,400cc,6,1463722117,108
auction_40,strong,peek_serving,peek_index_key_slow_path,400cc,7,1463758702,108
auction_40,strong,peek_serving,peek_index_key_slow_path,400cc,8,1463828694,111
auction_40,strong,peek_serving,peek_index_key_slow_path,400cc,9,1463860835,107
auction_40,strong,peek_serving,peek_index_key_fast_path,400cc,0,1463892150,106
auction_40,strong,peek_serving,peek_index_key_fast_path,400cc,1,1463908478,106
auction_40,strong,peek_serving,peek_index_key_fast_path,400cc,2,1463971534,106
auction_40,strong,peek_serving,peek_index_key_fast_path,400cc,3,1463993656,106
auction_40,strong,peek_serving,peek_index_key_fast_path,400cc,4,1464018580,106
auction_40,strong,peek_serving,peek_index_key_fast_path,400cc,5,1464046170,105
auction_40,strong,peek_serving,peek_index_key_fast_path,400cc,6,1464056981,106
auction_40,strong,peek_serving,peek_index_key_fast_path,400cc,7,1464100373,106
auction_40,strong,peek_serving,peek_index_key_fast_path,400cc,8,1464128634,105
auction_40,strong,peek_serving,peek_index_key_fast_path,400cc,9,1464167190,107
auction_40,strong,peek_serving,peek_index_non_key_slow_path,400cc,0,1464223790,2304
auction_40,strong,peek_serving,peek_index_non_key_fast_path,400cc,0,1464285095,2559
auction_40,strong,primitive_operators,bids_max,400cc,0,1464397165,5491
auction_40,strong,primitive_operators,bids_sum,400cc,0,1464509485,4881
auction_40,strong,composite_operators,bids_count_max_sum_min,400cc,0,1465019949,40508
auction_40,strong,primitive_operators,join,400cc,0,1465120155,3117
auction_40,strong,composite_operators,join_max,400cc,0,1465307652,17420
auction_40,strong,peek_serving,index_restart,400cc,0,0,269
auction_40,strong,arrangement_formation,create_index_primary_key,800cc,0,1460673449,10379
auction_40,strong,arrangement_formation,create_index_foreign_key,800cc,0,1460714052,5288
auction_40,strong,peek_serving,peek_index_key_slow_path,800cc,0,1460773055,108
auction_40,strong,peek_serving,peek_index_key_slow_path,800cc,1,1460788727,107
auction_40,strong,peek_serving,peek_index_key_slow_path,800cc,2,1460811338,107
auction_40,strong,peek_serving,peek_index_key_slow_path,800cc,3,1460843553,107
auction_40,strong,peek_serving,peek_index_key_slow_path,800cc,4,1460871246,107
auction_40,strong,peek_serving,peek_index_key_slow_path,800cc,5,1460920724,107
auction_40,strong,peek_serving,peek_index_key_slow_path,800cc,6,1460952936,115
auction_40,strong,peek_serving,peek_index_key_slow_path,800cc,7,1460990771,114
auction_40,strong,peek_serving,peek_index_key_slow_path,800cc,8,1461011601,116
auction_40,strong,peek_serving,peek_index_key_slow_path,800cc,9,1461035835,108
auction_40,strong,peek_serving,peek_index_key_fast_path,800cc,0,1461052306,106
auction_40,strong,peek_serving,peek_index_key_fast_path,800cc,1,1461095037,105
auction_40,strong,peek_serving,peek_index_key_fast_path,800cc,2,1461112888,105
auction_40,strong,peek_serving,peek_index_key_fast_path,800cc,3,1461174016,106
auction_40,strong,peek_serving,peek_index_key_fast_path,800cc,4,1461209500,105
auction_40,strong,peek_serving,peek_index_key_fast_path,800cc,5,1461234051,105
auction_40,strong,peek_serving,peek_index_key_fast_path,800cc,6,1461291646,105
auction_40,strong,peek_serving,peek_index_key_fast_path,800cc,7,1461325657,106
auction_40,strong,peek_serving,peek_index_key_fast_path,800cc,8,1461357014,109
auction_40,strong,peek_serving,peek_index_key_fast_path,800cc,9,1461372707,109
auction_40,strong,peek_serving,peek_index_non_key_slow_path,800cc,0,1461404269,1234
auction_40,strong,peek_serving,peek_index_non_key_fast_path,800cc,0,1461445074,1242
auction_40,strong,primitive_operators,bids_max,800cc,0,1461519309,2926
auction_40,strong,primitive_operators,bids_sum,800cc,0,1461572849,2486
auction_40,strong,composite_operators,bids_count_max_sum_min,800cc,0,1461981719,21293
auction_40,strong,primitive_operators,join,800cc,0,1462043390,1935
auction_40,strong,composite_operators,join_max,800cc,0,1462227165,10731
auction_40,strong,peek_serving,index_restart,800cc,0,0,268
auction_40,strong,arrangement_formation,create_index_primary_key,1600cc,0,1454733967,9377
auction_40,strong,arrangement_formation,create_index_foreign_key,1600cc,0,1454787012,2949
auction_40,strong,peek_serving,peek_index_key_slow_path,1600cc,0,1454853361,107
auction_40,strong,peek_serving,peek_index_key_slow_path,1600cc,1,1454901190,107
auction_40,strong,peek_serving,peek_index_key_slow_path,1600cc,2,1454962493,107
auction_40,strong,peek_serving,peek_index_key_slow_path,1600cc,3,1454995604,106
auction_40,strong,peek_serving,peek_index_key_slow_path,1600cc,4,1455044772,107
auction_40,strong,peek_serving,peek_index_key_slow_path,1600cc,5,1455053578,108
auction_40,strong,peek_serving,peek_index_key_slow_path,1600cc,6,1455076746,108
auction_40,strong,peek_serving,peek_index_key_slow_path,1600cc,7,1455101409,108
auction_40,strong,peek_serving,peek_index_key_slow_path,1600cc,8,1455134088,108
auction_40,strong,peek_serving,peek_index_key_slow_path,1600cc,9,1455155254,107
auction_40,strong,peek_serving,peek_index_key_fast_path,1600cc,0,1455188259,106
auction_40,strong,peek_serving,peek_index_key_fast_path,1600cc,1,1455221177,105
auction_40,strong,peek_serving,peek_index_key_fast_path,1600cc,2,1455284735,106
auction_40,strong,peek_serving,peek_index_key_fast_path,1600cc,3,1455334966,106
auction_40,strong,peek_serving,peek_index_key_fast_path,1600cc,4,1455365761,105
auction_40,strong,peek_serving,peek_index_key_fast_path,1600cc,5,1455393473,106
auction_40,strong,peek_serving,peek_index_key_fast_path,1600cc,6,1455405223,114
auction_40,strong,peek_serving,peek_index_key_fast_path,1600cc,7,1455444776,106
auction_40,strong,peek_serving,peek_index_key_fast_path,1600cc,8,1455465170,105
auction_40,strong,peek_serving,peek_index_key_fast_path,1600cc,9,1455487082,105
auction_40,strong,peek_serving,peek_index_non_key_slow_path,1600cc,0,1455525963,738
auction_40,strong,peek_serving,peek_index_non_key_fast_path,1600cc,0,1455551759,686
auction_40,strong,primitive_operators,bids_max,1600cc,0,1455587386,1654
auction_40,strong,primitive_operators,bids_sum,1600cc,0,1455638183,1429
auction_40,strong,composite_operators,bids_count_max_sum_min,1600cc,0,1455775297,12211
auction_40,strong,primitive_operators,join,1600cc,0,1455802230,1372
auction_40,strong,composite_operators,join_max,1600cc,0,1455975904,7170
auction_40,strong,peek_serving,index_restart,1600cc,0,0,279
auction_40,strong,arrangement_formation,create_index_primary_key,3200cc,0,1454584117,5665
auction_40,strong,arrangement_formation,create_index_foreign_key,3200cc,0,1454722133,1718
auction_40,strong,peek_serving,peek_index_key_slow_path,3200cc,0,1454752839,108
auction_40,strong,peek_serving,peek_index_key_slow_path,3200cc,1,1454802275,107
auction_40,strong,peek_serving,peek_index_key_slow_path,3200cc,2,1454852807,107
auction_40,strong,peek_serving,peek_index_key_slow_path,3200cc,3,1454878996,108
auction_40,strong,peek_serving,peek_index_key_slow_path,3200cc,4,1454901167,110
auction_40,strong,peek_serving,peek_index_key_slow_path,3200cc,5,1454912201,118
auction_40,strong,peek_serving,peek_index_key_slow_path,3200cc,6,1454939572,107
auction_40,strong,peek_serving,peek_index_key_slow_path,3200cc,7,1454960235,107
auction_40,strong,peek_serving,peek_index_key_slow_path,3200cc,8,1454998852,108
auction_40,strong,peek_serving,peek_index_key_slow_path,3200cc,9,1455030205,108
auction_40,strong,peek_serving,peek_index_key_fast_path,3200cc,0,1455041854,106
auction_40,strong,peek_serving,peek_index_key_fast_path,3200cc,1,1455070693,106
auction_40,strong,peek_serving,peek_index_key_fast_path,3200cc,2,1455103872,105
auction_40,strong,peek_serving,peek_index_key_fast_path,3200cc,3,1455140427,106
auction_40,strong,peek_serving,peek_index_key_fast_path,3200cc,4,1455175813,105
auction_40,strong,peek_serving,peek_index_key_fast_path,3200cc,5,1455196279,106
auction_40,strong,peek_serving,peek_index_key_fast_path,3200cc,6,1455209432,105
auction_40,strong,peek_serving,peek_index_key_fast_path,3200cc,7,1455225603,105
auction_40,strong,peek_serving,peek_index_key_fast_path,3200cc,8,1455238527,105
auction_40,strong,peek_serving,peek_index_key_fast_path,3200cc,9,1455284722,106
auction_40,strong,peek_serving,peek_index_non_key_slow_path,3200cc,0,1455337961,489
auction_40,strong,peek_serving,peek_index_non_key_fast_path,3200cc,0,1455349454,541
auction_40,strong,primitive_operators,bids_max,3200cc,0,1455410613,974
auction_40,strong,primitive_operators,bids_sum,3200cc,0,1455455685,776
auction_40,strong,composite_operators,bids_count_max_sum_min,3200cc,0,1455532854,6774
auction_40,strong,primitive_operators,join,3200cc,0,1455583060,1092
auction_40,strong,composite_operators,join_max,3200cc,0,1455700770,5641
auction_40,strong,peek_serving,index_restart,3200cc,0,0,285
auction_40,weak,arrangement_formation,create_index_primary_key,100cc,0,1464848774,42130
auction_40,weak,arrangement_formation,create_index_foreign_key,100cc,0,1465458242,41234
auction_40,weak,peek_serving,peek_index_key_slow_path,100cc,0,1465504052,109
auction_40,weak,peek_serving,peek_index_key_slow_path,100cc,1,1465538435,107
auction_40,weak,peek_serving,peek_index_key_slow_path,100cc,2,1465562593,107
auction_40,weak,peek_serving,peek_index_key_slow_path,100cc,3,1465574816,107
auction_40,weak,peek_serving,peek_index_key_slow_path,100cc,4,1465589368,108
auction_40,weak,peek_serving,peek_index_key_slow_path,100cc,5,1465624678,109
auction_40,weak,peek_serving,peek_index_key_slow_path,100cc,6,1465643645,107
auction_40,weak,peek_serving,peek_index_key_slow_path,100cc,7,1465660219,109
auction_40,weak,peek_serving,peek_index_key_slow_path,100cc,8,1465674533,108
auction_40,weak,peek_serving,peek_index_key_slow_path,100cc,9,1465718751,109
auction_40,weak,peek_serving,peek_index_key_fast_path,100cc,0,1465744195,105
auction_40,weak,peek_serving,peek_index_key_fast_path,100cc,1,1465772542,107
auction_40,weak,peek_serving,peek_index_key_fast_path,100cc,2,1465821157,105
auction_40,weak,peek_serving,peek_index_key_fast_path,100cc,3,1465861684,106
auction_40,weak,peek_serving,peek_index_key_fast_path,100cc,4,1465878612,105
auction_40,weak,peek_serving,peek_index_key_fast_path,100cc,5,1465914949,105
auction_40,weak,peek_serving,peek_index_key_fast_path,100cc,6,1465939739,124
auction_40,weak,peek_serving,peek_index_key_fast_path,100cc,7,1465974977,104
auction_40,weak,peek_serving,peek_index_key_fast_path,100cc,8,1465991006,105
auction_40,weak,peek_serving,peek_index_key_fast_path,100cc,9,1466016945,104
auction_40,weak,peek_serving,peek_index_non_key_slow_path,100cc,0,1466175216,8777
auction_40,weak,peek_serving,peek_index_non_key_fast_path,100cc,0,1466360708,8752
auction_40,weak,primitive_operators,bids_max,100cc,0,1466732136,20774
auction_40,weak,primitive_operators,bids_sum,100cc,0,1466993046,19090
auction_40,weak,composite_operators,bids_count_max_sum_min,100cc,0,1469146234,149073
auction_40,weak,primitive_operators,join,100cc,0,1469324640,10410
auction_40,weak,composite_operators,join_max,100cc,0,1470054746,59148
auction_40,weak,peek_serving,index_restart,100cc,0,0,278
auction_80,weak,arrangement_formation,create_index_primary_key,200cc,0,2797284564,44173
auction_80,weak,arrangement_formation,create_index_foreign_key,200cc,0,2797869140,40596
auction_80,weak,peek_serving,peek_index_key_slow_path,200cc,0,2797947612,108
auction_80,weak,peek_serving,peek_index_key_slow_path,200cc,1,2797940294,108
auction_80,weak,peek_serving,peek_index_key_slow_path,200cc,2,2797976620,108
auction_80,weak,peek_serving,peek_index_key_slow_path,200cc,3,2798007659,108
auction_80,weak,peek_serving,peek_index_key_slow_path,200cc,4,2798037262,107
auction_80,weak,peek_serving,peek_index_key_slow_path,200cc,5,2798069404,107
auction_80,weak,peek_serving,peek_index_key_slow_path,200cc,6,2798089632,107
auction_80,weak,peek_serving,peek_index_key_slow_path,200cc,7,2798145032,107
auction_80,weak,peek_serving,peek_index_key_slow_path,200cc,8,2798180513,108
auction_80,weak,peek_serving,peek_index_key_slow_path,200cc,9,2798211701,108
auction_80,weak,peek_serving,peek_index_key_fast_path,200cc,0,2798247030,106
auction_80,weak,peek_serving,peek_index_key_fast_path,200cc,1,2798276703,106
auction_80,weak,peek_serving,peek_index_key_fast_path,200cc,2,2798312535,106
auction_80,weak,peek_serving,peek_index_key_fast_path,200cc,3,2798346038,106
auction_80,weak,peek_serving,peek_index_key_fast_path,200cc,4,2798374064,105
auction_80,weak,peek_serving,peek_index_key_fast_path,200cc,5,2798413556,106
auction_80,weak,peek_serving,peek_index_key_fast_path,200cc,6,2798435099,106
auction_80,weak,peek_serving,peek_index_key_fast_path,200cc,7,2798451923,106
auction_80,weak,peek_serving,peek_index_key_fast_path,200cc,8,2798469563,106
auction_80,weak,peek_serving,peek_index_key_fast_path,200cc,9,2798513710,105
auction_80,weak,peek_serving,peek_index_non_key_slow_path,200cc,0,2798692578,8439
auction_80,weak,peek_serving,peek_index_non_key_fast_path,200cc,0,2798880126,8326
auction_80,weak,primitive_operators,bids_max,200cc,0,2799167489,20218
auction_80,weak,primitive_operators,bids_sum,200cc,0,2799532231,18714
auction_80,weak,composite_operators,bids_count_max_sum_min,200cc,0,2801430698,130374
auction_80,weak,primitive_operators,join,200cc,0,2801471741,10352
auction_80,weak,composite_operators,join_max,200cc,0,2802506910,66366
auction_80,weak,peek_serving,index_restart,200cc,0,0,292
auction_160,weak,arrangement_formation,create_index_primary_key,400cc,0,5440282236,46440
auction_160,weak,arrangement_formation,create_index_foreign_key,400cc,0,5440869322,41475
auction_160,weak,peek_serving,peek_index_key_slow_path,400cc,0,5440942350,107
auction_160,weak,peek_serving,peek_index_key_slow_path,400cc,1,5440962297,108
auction_160,weak,peek_serving,peek_index_key_slow_path,400cc,2,5440982281,108
auction_160,weak,peek_serving,peek_index_key_slow_path,400cc,3,5441019471,108
auction_160,weak,peek_serving,peek_index_key_slow_path,400cc,4,5441059517,108
auction_160,weak,peek_serving,peek_index_key_slow_path,400cc,5,5441090160,107
auction_160,weak,peek_serving,peek_index_key_slow_path,400cc,6,5441108273,108
auction_160,weak,peek_serving,peek_index_key_slow_path,400cc,7,5441125758,108
auction_160,weak,peek_serving,peek_index_key_slow_path,400cc,8,5441177563,107
auction_160,weak,peek_serving,peek_index_key_slow_path,400cc,9,5441199510,107
auction_160,weak,peek_serving,peek_index_key_fast_path,400cc,0,5441254592,114
auction_160,weak,peek_serving,peek_index_key_fast_path,400cc,1,5441278193,106
auction_160,weak,peek_serving,peek_index_key_fast_path,400cc,2,5441312813,106
auction_160,weak,peek_serving,peek_index_key_fast_path,400cc,3,5441328890,106
auction_160,weak,peek_serving,peek_index_key_fast_path,400cc,4,5441385552,107
auction_160,weak,peek_serving,peek_index_key_fast_path,400cc,5,5441406855,106
auction_160,weak,peek_serving,peek_index_key_fast_path,400cc,6,5441464103,105
auction_160,weak,peek_serving,peek_index_key_fast_path,400cc,7,5441509006,105
auction_160,weak,peek_serving,peek_index_key_fast_path,400cc,8,5441519048,105
auction_160,weak,peek_serving,peek_index_key_fast_path,400cc,9,5441554716,105
auction_160,weak,peek_serving,peek_index_non_key_slow_path,400cc,0,5441748420,8330
auction_160,weak,peek_serving,peek_index_non_key_fast_path,400cc,0,5441852004,7882
auction_160,weak,primitive_operators,bids_max,400cc,0,5442146812,20495
auction_160,weak,primitive_operators,bids_sum,400cc,0,5442426450,18480
auction_160,weak,composite_operators,bids_count_max_sum_min,400cc,0,5444218869,118440
auction_160,weak,primitive_operators,join,400cc,0,5444433721,10939
auction_160,weak,composite_operators,join_max,400cc,0,5445465831,74311
auction_160,weak,peek_serving,index_restart,400cc,0,0,272
auction_320,weak,arrangement_formation,create_index_primary_key,800cc,0,10726738187,51306
auction_320,weak,arrangement_formation,create_index_foreign_key,800cc,0,10727376412,42984
auction_320,weak,peek_serving,peek_index_key_slow_path,800cc,0,10727394660,108
auction_320,weak,peek_serving,peek_index_key_slow_path,800cc,1,10727420160,108
auction_320,weak,peek_serving,peek_index_key_slow_path,800cc,2,10727456890,108
auction_320,weak,peek_serving,peek_index_key_slow_path,800cc,3,10727497523,108
auction_320,weak,peek_serving,peek_index_key_slow_path,800cc,4,10727534545,108
auction_320,weak,peek_serving,peek_index_key_slow_path,800cc,5,10727562064,107
auction_320,weak,peek_serving,peek_index_key_slow_path,800cc,6,10727583900,109
auction_320,weak,peek_serving,peek_index_key_slow_path,800cc,7,10727602009,108
auction_320,weak,peek_serving,peek_index_key_slow_path,800cc,8,10727628859,108
auction_320,weak,peek_serving,peek_index_key_slow_path,800cc,9,10727677539,108
auction_320,weak,peek_serving,peek_index_key_fast_path,800cc,0,10727691356,106
auction_320,weak,peek_serving,peek_index_key_fast_path,800cc,1,10727713136,106
auction_320,weak,peek_serving,peek_index_key_fast_path,800cc,2,10727733452,106
auction_320,weak,peek_serving,peek_index_key_fast_path,800cc,3,10727768495,105
auction_320,weak,peek_serving,peek_index_key_fast_path,800cc,4,10727794131,106
auction_320,weak,peek_serving,peek_index_key_fast_path,800cc,5,10727836780,107
auction_320,weak,peek_serving,peek_index_key_fast_path,800cc,6,10727876083,105
auction_320,weak,peek_serving,peek_index_key_fast_path,800cc,7,10727916723,106
auction_320,weak,peek_serving,peek_index_key_fast_path,800cc,8,10727930386,105
auction_320,weak,peek_serving,peek_index_key_fast_path,800cc,9,10727963457,106
auction_320,weak,peek_serving,peek_index_non_key_slow_path,800cc,0,10728142716,8321
auction_320,weak,peek_serving,peek_index_non_key_fast_path,800cc,0,10728258866,7720
auction_320,weak,primitive_operators,bids_max,800cc,0,10728556206,21522
auction_320,weak,primitive_operators,bids_sum,800cc,0,10728774590,18566
auction_320,weak,composite_operators,bids_count_max_sum_min,800cc,0,10730571850,114116
auction_320,weak,primitive_operators,join,800cc,0,10730739327,12511
auction_320,weak,composite_operators,join_max,800cc,0,10732083879,90520
auction_320,weak,peek_serving,index_restart,800cc,0,0,276
auction_640,weak,arrangement_formation,create_index_primary_key,1600cc,0,21298784396,63343
auction_640,weak,arrangement_formation,create_index_foreign_key,1600cc,0,21299451446,46305
auction_640,weak,peek_serving,peek_index_key_slow_path,1600cc,0,21299508162,107
auction_640,weak,peek_serving,peek_index_key_slow_path,1600cc,1,21299529405,108
auction_640,weak,peek_serving,peek_index_key_slow_path,1600cc,2,21299553961,106
auction_640,weak,peek_serving,peek_index_key_slow_path,1600cc,3,21299593811,118
auction_640,weak,peek_serving,peek_index_key_slow_path,1600cc,4,21299623198,107
auction_640,weak,peek_serving,peek_index_key_slow_path,1600cc,5,21299657305,108
auction_640,weak,peek_serving,peek_index_key_slow_path,1600cc,6,21299682525,108
auction_640,weak,peek_serving,peek_index_key_slow_path,1600cc,7,21299694439,106
auction_640,weak,peek_serving,peek_index_key_slow_path,1600cc,8,21299755887,107
auction_640,weak,peek_serving,peek_index_key_slow_path,1600cc,9,21299796851,108
auction_640,weak,peek_serving,peek_index_key_fast_path,1600cc,0,21299817274,105
auction_640,weak,peek_serving,peek_index_key_fast_path,1600cc,1,21299835098,106
auction_640,weak,peek_serving,peek_index_key_fast_path,1600cc,2,21299836442,106
auction_640,weak,peek_serving,peek_index_key_fast_path,1600cc,3,21299863065,105
auction_640,weak,peek_serving,peek_index_key_fast_path,1600cc,4,21299906337,104
auction_640,weak,peek_serving,peek_index_key_fast_path,1600cc,5,21299923513,106
auction_640,weak,peek_serving,peek_index_key_fast_path,1600cc,6,21299959690,105
auction_640,weak,peek_serving,peek_index_key_fast_path,1600cc,7,21299979603,105
auction_640,weak,peek_serving,peek_index_key_fast_path,1600cc,8,21300017370,106
auction_640,weak,peek_serving,peek_index_key_fast_path,1600cc,9,21300056748,105
auction_640,weak,peek_serving,peek_index_non_key_slow_path,1600cc,0,21300184482,9054
auction_640,weak,peek_serving,peek_index_non_key_fast_path,1600cc,0,21300318684,7861
auction_640,weak,primitive_operators,bids_max,1600cc,0,21300638823,22757
auction_640,weak,primitive_operators,bids_sum,1600cc,0,21300906547,19162
auction_640,weak,composite_operators,bids_count_max_sum_min,1600cc,0,21302679889,121133
auction_640,weak,primitive_operators,join,1600cc,0,21302836428,13908
auction_640,weak,composite_operators,join_max,1600cc,0,21304783650,126105
auction_640,weak,peek_serving,index_restart,1600cc,0,0,274
auction_1280,weak,arrangement_formation,create_index_primary_key,3200cc,0,42433053044,82199
auction_1280,weak,arrangement_formation,create_index_foreign_key,3200cc,0,42433757446,51670
auction_1280,weak,peek_serving,peek_index_key_slow_path,3200cc,0,42433822587,108
auction_1280,weak,peek_serving,peek_index_key_slow_path,3200cc,1,42433856075,107
auction_1280,weak,peek_serving,peek_index_key_slow_path,3200cc,2,42433887602,107
auction_1280,weak,peek_serving,peek_index_key_slow_path,3200cc,3,42433890305,107
auction_1280,weak,peek_serving,peek_index_key_slow_path,3200cc,4,42433936479,108
auction_1280,weak,peek_serving,peek_index_key_slow_path,3200cc,5,42433967250,109
auction_1280,weak,peek_serving,peek_index_key_slow_path,3200cc,6,42433996915,108
auction_1280,weak,peek_serving,peek_index_key_slow_path,3200cc,7,42434014301,109
auction_1280,weak,peek_serving,peek_index_key_slow_path,3200cc,8,42434051411,108
auction_1280,weak,peek_serving,peek_index_key_slow_path,3200cc,9,42434069028,107
auction_1280,weak,peek_serving,peek_index_key_fast_path,3200cc,0,42434091626,106
auction_1280,weak,peek_serving,peek_index_key_fast_path,3200cc,1,42434103588,107
auction_1280,weak,peek_serving,peek_index_key_fast_path,3200cc,2,42434142652,106
auction_1280,weak,peek_serving,peek_index_key_fast_path,3200cc,3,42434170122,108
auction_1280,weak,peek_serving,peek_index_key_fast_path,3200cc,4,42434194231,107
auction_1280,weak,peek_serving,peek_index_key_fast_path,3200cc,5,42434213553,107
auction_1280,weak,peek_serving,peek_index_key_fast_path,3200cc,6,42434244783,106
auction_1280,weak,peek_serving,peek_index_key_fast_path,3200cc,7,42434248601,104
auction_1280,weak,peek_serving,peek_index_key_fast_path,3200cc,8,42434266310,105
auction_1280,weak,peek_serving,peek_index_key_fast_path,3200cc,9,42434292016,113
auction_1280,weak,peek_serving,peek_index_non_key_slow_path,3200cc,0,42434478304,8600
auction_1280,weak,peek_serving,peek_index_non_key_fast_path,3200cc,0,42434581129,7784
auction_1280,weak,primitive_operators,bids_max,3200cc,0,42434936155,24719
auction_1280,weak,primitive_operators,bids_sum,3200cc,0,42435253109,19565
auction_1280,weak,composite_operators,bids_count_max_sum_min,3200cc,0,42437171999,131700
auction_1280,weak,primitive_operators,join,3200cc,0,42437412360,17378
auction_1280,weak,composite_operators,join_max,3200cc,0,42440405738,210865
auction_1280,weak,peek_serving,index_restart,3200cc,0,0,267
